before,-0.038
contributed,0.667
cards,0.136
numerous,0.244
head,0.06
strongly,0.26
category,0.142
money,0.688
area,-0.02
reported,-0.164
financial,0.334
completion,0.312
shipping,0.244
measured,0.084
employment,0.5
comedy,0.836
together,0.748
camp,0.244
rise,0.334
learn,0.666
emergency,-0.6
newspaper,0.204
cut,-0.02
recognized,0.75
easy,0.73
animated,0.646
involved,0
largest,0
removal,-0.51
zone,0.062
state,0.124
politician,-0.354
frequency,0.122
fear,-0.854
representation,0.354
taught,0.628
connecticut,0
landscape,0.438
spanish,0
care,0.458
among,0.064
giving,0.59
traffic,-0.354
attacking,-0.448
writer,0.612
positive,0.918
horror,-0.77
articles,0.104
corresponding,0.48
forum,0.112
celebrated,0.75
hit,-0.53
hungarian,0.074
key,0.23
titled,0.354
sir,0.244
policies,0
scientific,0.306
manager,0.25
secondary,0.272
fell,-0.49
begun,0.354
wife,0.772
remaining,-0.102
case,-0.146
passage,-0.142
budget,0.286
justice,0.52
test,-0.102
warning,-0.542
along,0.206
highway,0.28
administrative,0.084
spread,0.14
achievement,0.792
armenian,0
die,-0.938
operations,-0.04
beginning,0.632
intention,0.062
slightly,-0.06
integrated,0.667
measure,0.02
album,0.27
give,0.5
model,0.214
owner,0.552
completed,0.646
stadium,0.27
yellow,0.342
section,0
stars,0.592
eighth,0.062
offer,0.5
faith,0.666
rebuilt,0.667
victoria,0.792
wearing,0.292
grown,-0.042
baptist,0
district,-0.124
piece,0.292
defeated,-0.792
voters,0.042
executive,0.408
county,-0.042
trail,0.2
shall,0.02
rich,0.764
aged,-0.73
mayor,-0.062
publication,0.098
officer,0.084
heritage,0.684
both,0.036
resigned,-0.52
traditional,0.354
situated,0.084
commanding,0.124
cabinet,0.104
expanded,0.52
seat,0.084
toward,0.112
parent,0.624
weekend,0.688
transport,0.226
influential,0.798
pioneer,0.592
middle,-0.084
assist,0.666
motion,0.334
within,-0.072
file,-0.04
managed,0.667
constitution,0.18
whole,0.306
incident,-0.832
husband,0.542
school,0.53
hero,0.88
advanced,0.688
amendment,0.062
removed,-0.714
teaching,0.644
extent,0.292
industrial,-0.062
classic,0.38
typical,0.27
earliest,0.5
shared,0.667
shape,0.184
access,0.428
love,0.996
minimum,-0.24
swedish,0
night,0.196
roughly,-0.104
ceo,0.19
suburb,-0.292
patent,0.448
trial,-0.124
comics,0.38
valuable,0.798
southern,0.104
tall,0.45
top,0.52
pick,0
steps,0.022
distribution,0.27
longer,0.034
endemic,-0.188
applied,0.583
province,0.428
ford,0.042
gone,-0.416
roll,-0.062
renowned,0.688
today,0.612
plan,0.292
direction,0.481
exclusively,0.042
tv,0.244
job,0.388
experienced,0.542
junior,0.27
however,-0.25
result,0.624
established,0.592
meaning,0.326
largely,0.083
provide,0.666
bird,0.458
net,-0.118
seven,0.344
facility,0.25
we,0.267
fifth,0
effort,0.396
security,0.674
federal,0.06
lyrics,0.164
means,0.23
until,0
technology,0.552
card,0.062
inner,0.102
smaller,-0.4
interior,0.236
wildlife,0.312
daughter,0.816
seen,0
protein,0.5
accounts,0.184
participated,0.625
arranged,0.396
proposal,0.776
eyes,0.52
tool,-0.02
part,0.326
already,0
vary,0.042
sold,0.096
notable,0.52
bound,-0.166
limit,-0.146
rule,0.134
poor,-0.688
provided,0.742
headquarters,0.23
attempted,0.188
ban,-0.708
institute,0.208
gave,0
provincial,0.29
tribute,0.368
defence,-0.034
founding,0.396
gender,0.376
isolated,-0.558
plus,1
activities,0.667
green,0.26
open,0.24
powerful,0.566
assistance,0.312
carry,0.27
prepare,0.312
lawyer,0.042
coach,0.266
departure,0.146
conservative,0.23
represented,0.448
rose,0.73
arms,-0.072
twelve,-0.02
sexual,0.168
judicial,-0.244
identify,0.27
initiative,0.666
these,0
near,0.148
commerce,0.292
private,0.322
perceived,0
uncle,0.306
ratio,0.12
cultural,0.604
square,0.018
typically,0.138
gardens,0.55
exchange,0.48
bid,0.52
medieval,0.12
text,0.208
message,0.3
policy,-0.352
double,0.354
special,0.688
explain,0.438
alternate,0.25
entertainment,0.694
appointment,0.376
now,0.226
tourism,0.646
reaction,-0.06
produce,0.816
bureau,0.124
us,0.333
manufacturer,0.376
second,-0.02
huge,0.146
order,0.56
awareness,0.368
mid,0
get,0.48
choice,0.49
remote,-0.084
earn,0.712
rival,-0.547
office,-0.146
materials,0.266
scale,-0.38
percentage,-0.062
issued,0
personality,0.792
novels,0.708
side,-0.122
great,0.916
needed,0.354
draft,-0.124
satellite,0.124
indians,0.037
diverse,0.124
earlier,0.124
around,0.034
coastal,0.208
tie,0.326
timber,-0.336
clean,0.654
annually,0
universe,0.388
set,0.042
territories,0
plate,0.166
showing,0.244
fame,0.792
rural,0.124
they,0
this,0
colors,0.75
versus,-0.38
agricultural,0.372
folk,0.326
domain,0.146
initiated,0.52
story,0.306
chose,0.104
body,0.388
shop,0.45
congressional,0.104
failing,-0.75
honorary,0.77
persons,0.738
ending,-0.312
mark,-0.018
continuing,0.334
art,0.624
wright,0.08
social,0.612
ensure,0.474
mediterranean,0.326
trade,0.122
claim,-0.49
priest,0.122
fled,-0.552
wins,1
sun,0.754
statistics,0
guest,0.438
permitted,0.73
version,0.208
fiction,-0.124
winning,0.91
scheme,0.042
duo,0.055
opera,0.428
difficult,-0.53
reform,0.062
obtain,0.52
hair,0.164
southwest,-0.188
glass,-0.02
autonomous,0.733
crew,0.208
happy,0.985
expansion,0.552
educated,0.632
dealing,0.448
store,0.292
briefly,0.372
opening,0.334
person,0.292
smith,0.354
there,0
senator,-0.218
rescue,0.612
charged,0
jurisdiction,-0.04
function,0.388
subject,0.204
iron,-0.104
confederate,0.102
press,0.104
contribution,0.708
buildings,0.164
baby,0.674
protection,0.726
water,0.624
critic,-0.472
silver,0.368
harbor,0.188
females,0
space,0.6
classification,0.166
champion,0.78
addition,0.124
tells,0
event,0.49
theatre,0.388
crisis,-0.584
way,-0.04
favorite,0.77
demand,-0.416
opposite,-0.53
aside,-0.064
wave,0.244
secured,0.741
bit,-0.146
birth,0.792
settled,0.042
joining,0.51
failure,-0.666
latin,0.095
exception,-0.062
duties,-0.333
unit,0.124
trading,0.27
dry,-0.274
movies,0.448
outstanding,0.796
shut,-0.52
lower,-0.346
should,0.083
officially,0
yard,-0.026
studies,0.542
moving,-0.042
conditions,0.102
jack,-0.026
supplies,0.396
present,0.448
italian,0.208
approximately,0.244
decision,0.292
researchers,0.667
commonly,0.208
active,0.694
householder,0.632
run,0.084
create,0.572
bomb,-0.666
civil,0.042
out,0
coal,-0.28
assumed,0.224
expected,0.458
islamic,0
lived,0
subsequent,-0.102
serial,-0.062
colour,0.5
phone,0.458
fair,0.624
basic,0.286
show,0.346
republican,-0.204
dated,-0.333
flowers,0.75
visible,0.5
jazz,0.354
when,0
youth,0.876
universal,0.604
bar,0
labor,0.188
bank,0.124
all,0
eldest,0.25
living,0.722
cricket,-0.154
radio,0.146
legislature,0.08
waiting,-0.522
heart,0.654
jury,-0.042
allied,0.428
horse,0.27
incumbent,-0.208
cardinal,0.166
communication,0.674
trained,0.542
down,-0.584
firm,0.27
met,0.358
items,0.084
speaker,0.208
olympic,0.566
unincorporated,-0.095
unlike,-0.122
lands,0.188
month,0.376
families,0.833
occupation,0.124
formally,0.519
rifle,-0.342
driver,0.106
level,0.244
house,0.174
gallery,0.318
century,-0.186
producing,0.264
medicine,0.416
effect,0.14
band,0.296
secretary,0.224
acres,0.02
contract,0.188
starred,0.889
memorial,0.204
reduction,-0.27
station,0.376
nearest,-0.034
funds,0.266
czech,0
producer,0.118
abandoned,-0.908
animal,0.042
scholar,0.388
added,0.124
line,0.082
accommodate,0.688
pearl,0.81
disc,0.244
starring,0.708
tournament,0.388
insurance,0.428
symbol,0.286
life,0.836
corner,-0.2
saturday,0.408
slow,-0.286
latter,0
another,-0.1
authorities,-0.042
incorporated,0.542
buried,-0.734
pilot,0.376
lack,-0.5
hip,-0.104
hour,0.104
bought,0.034
took,0
was,0
farm,0.562
arm,0.104
very,0.143
guide,0.376
president,0.354
fitted,0.014
late,-0.51
style,0.49
railway,0.226
transfer,0.404
grand,0.796
found,0.666
seeing,0.593
alliance,0.392
grow,0.828
apart,-0.466
television,0.266
secret,-0.042
original,0.53
opinion,0.188
prestigious,0.979
chain,-0.244
large,0.408
draw,0.408
use,-0.124
sacred,0.666
genetic,0.124
able,0.572
religion,0.292
national,0.396
derived,0.083
aware,0.312
emotional,0.558
project,0.45
broadway,0.667
spain,0.667
village,0.368
engaged,0.674
feature,0.334
economy,0.166
conference,0.376
mission,0.53
pool,0.25
temperature,0.042
improve,0.666
something,0
point,-0.02
decided,0
own,0.328
going,0.048
strategic,0.643
organ,0.02
communist,-0.47
combination,0.416
united,0.562
cancer,-0.896
cause,-0.062
important,0.654
colony,0.432
believe,0.562
threat,-0.825
revolutionary,0.27
noted,0.23
close,-0.416
screen,0.34
premier,0.51
fine,0.646
reportedly,0
sentenced,-0.708
closed,-0.52
virgin,0.244
year,0.084
fewer,-0.138
successor,0.458
begin,0.354
mile,0.042
bright,0.78
movement,0.312
modified,0.122
surviving,0.292
back,-0.124
residential,0.44
losing,-0.848
capture,-0.286
bass,-0.146
told,-0.096
brand,0.124
hold,-0.104
communities,0.625
force,0.224
college,0.4
dark,-0.604
korean,0
athletic,0.714
graduated,0.741
consist,0.646
certain,0.52
interpretation,0.354
manage,0.12
byzantine,0.092
rejected,-0.796
philosophy,0.368
study,0.306
fashion,0.654
nearly,0.056
column,-0.04
occurred,0
carrier,0.066
formal,0.47
hearing,0.338
day,0.438
example,0.084
admitted,0.44
involvement,0.52
hand,0.084
refer,0.012
chairman,0.312
twice,0.234
judge,0.02
ottoman,0.062
those,0
soft,0.52
equal,0.562
rest,0.814
video,0.292
possession,0.354
recently,0
gain,0.834
fishing,0.354
internal,-0.122
influence,0.244
eligible,0.5
stopped,0
central,0.28
regular,-0.13
decade,0.062
apply,0.224
proposed,0.333
surrounding,0.062
center,0.286
poems,0.666
broke,-0.51
forces,0.102
notably,0.584
pictures,0.306
written,0.2
connected,0.632
edition,0.084
playoff,0.244
northwestern,-0.042
golf,0.146
during,0
famous,0.832
quickly,0.568
machine,0.02
guy,0.166
command,-0.146
overseas,0.083
sole,-0.146
revolution,-0.166
sustained,0.298
books,0.458
go,0.02
exist,0.714
experience,0.654
onto,0
boundary,0.122
bachelor,0.167
attack,-0.428
entire,0.378
architect,0.552
vast,0.04
row,-0.146
known,0.194
walker,0.102
find,0.548
relation,0.714
dean,0.224
grammar,0.12
early,0.266
eastern,0.042
account,0.062
scene,0.14
border,-0.188
prior,-0.064
labour,0.066
perhaps,0
artistic,0.604
adult,0.63
peak,0
progressive,0.51
junction,-0.02
shot,-0.712
rare,-0.208
works,0.552
specialized,0.714
heavily,0.084
look,0.438
running,0.46
business,0.376
conclusion,0.23
frequently,0.192
formation,0.23
based,0.111
beyond,-0.034
variety,0.428
root,0.204
ship,0.292
express,0.52
against,-0.552
growth,0.834
preserved,0.354
goals,0.438
frame,-0.062
china,0.122
nick,0.108
island,0.49
agreed,0.594
van,0.122
performance,0.5
intermediate,-0.04
drummer,0.292
defending,0.208
maintain,0.368
wing,0.124
electronic,0.142
global,0.166
high,0.368
diplomatic,0.306
solution,0.58
each,0.125
previously,0.188
faced,0
friends,0.858
khan,-0.074
improved,0.838
plane,0.02
tax,-0.48
extend,0.292
responsibility,0.52
source,0.48
monument,0.666
began,-0.072
army,-0.166
conversion,-0.04
domestic,0.458
territorial,-0.19
processing,0.452
don,0.292
big,0.604
documents,0.06
created,0.667
innings,0.146
easily,0.77
achieved,0.792
naval,0.084
concentration,0.47
guitar,0.688
focus,0.38
born,0.73
arrival,0.356
spending,-0.334
longest,-0.3
supply,0.416
architectural,0.458
must,-0.184
spent,-0.408
planet,0.396
evolved,0.667
do,0.34
combat,-0.396
instrumental,0.48
service,0.368
drove,0.082
facing,0.208
although,-0.066
climate,0.27
collection,0.45
tropical,0.48
mass,-0.084
pattern,-0.042
changed,0.188
everything,0
survived,0.667
ward,-0.062
fantasy,0.76
gothic,-0.606
prominent,0.352
core,0.442
meeting,0.5
course,0.214
escape,-0.266
commune,0
break,0.22
interstate,0.04
combined,0.244
accept,0.694
recent,0.184
mind,0.3
estimated,0
goods,0.776
conflict,-0.33
retired,-0.46
nothing,-0.333
success,0.918
praised,0.9
ice,-0.12
movie,0.584
loan,0.104
coast,0.438
championship,0.666
cavalry,0.334
banned,-0.667
storm,-0.624
identical,0.27
qualify,0.46
merchant,0.35
originated,0
hindu,0
possible,0.376
collected,0.14
voice,0.188
captured,0
heat,0.068
select,0.23
vessel,-0.02
martial,-0.04
resources,0.208
effective,0.688
stage,0.184
volunteers,0.64
their,0
too,0
getting,0.167
five,0.02
science,0.176
politics,-0.5
submitted,-0.292
thirty,0.124
belief,0.792
cover,-0.27
fall,-0.646
electric,-0.084
drop,-0.042
struck,-0.408
cape,0.062
indigenous,0
statue,0.084
calls,0.216
despite,-0.42
strong,0.824
infantry,0.062
breeding,0.334
accompanied,0
civic,0.306
possibility,0.649
lowest,-0.376
application,0.292
outside,-0.212
reign,0.612
exposure,0.14
restored,0.784
introduced,0
riding,0.388
see,0.27
share,0.518
can,0.324
expensive,-0.354
carbon,0.208
capital,0.04
mechanism,0.146
duty,0.166
entirely,0
structural,0.164
direct,0.586
perform,0.53
deep,-0.02
as,0
moth,-0.354
split,-0.312
raised,0.312
defensive,0.084
maximum,0.448
register,-0.02
motor,0.062
reflect,0.341
primarily,0.067
universities,0.667
library,0.552
earth,0.5
attend,0.3
substantial,0.18
palace,0.756
separated,-0.667
behavior,0.188
period,-0.208
times,-0.02
tradition,0.516
south,0.124
from,0
genre,0.04
northern,0.14
developing,0.666
approach,0.224
add,0.456
walking,0.416
translation,0.266
author,0.55
let,-0.146
mainly,0
countries,0
minister,0.094
popularity,0.792
planned,0.48
reference,0.266
equipment,0.49
documentary,0.244
empire,0.376
sell,0.236
sent,0
professor,0.312
make,0.368
preferred,0.667
russian,0.048
send,0.326
public,0.184
situation,0.062
settlement,0.27
determined,0.469
medium,0.118
club,0.292
power,0.438
independent,0.774
lost,-0.635
scheduled,0.333
fictional,-0.14
hospital,-0.354
sector,0.188
adventure,0.834
desire,0.792
minute,0.164
fight,0.062
submarine,0.144
credit,0.346
japan,0.334
usually,0
expert,0.552
grades,0.042
associate,0.624
jay,0.062
taken,0
what,0
remain,0.418
want,0.342
rating,0.326
basin,0.104
drama,-0.14
roman,0.23
marked,0.184
narrow,-0.48
wall,-0.166
wrote,0.13
eight,0.08
alone,-0.334
required,0.166
sitting,0.122
individual,0.254
distance,-0.534
adjacent,0.29
speech,0.312
necessary,0.5
range,-0.02
dropped,-0.444
responsible,0.674
exhibition,0.396
home,0.708
highest,0.542
acquired,0.074
monthly,0.244
referring,0
persian,0
drugs,-0.666
guard,0.184
distinctive,0.77
dam,-0.5
shopping,0.83
became,0
correct,0.714
travel,0.862
food,0.776
others,0.333
weight,-0.1
charge,0.02
significant,0.654
describe,0.084
right,0.48
website,0.23
plain,0
friendly,0.834
approval,0.708
brick,-0.566
live,0.76
footballer,0.667
plot,-0.062
feet,0.02
arab,0
directly,0.494
mountain,0.396
landing,0.104
tree,0.34
abuse,-0.858
feeling,0.612
mill,0.062
brain,0.334
agency,-0.08
data,0
triple,0.17
quite,-0.25
engineer,0.438
he,0.611
quality,0.618
constitutional,0.266
recipient,0.208
peaked,0.354
magnetic,0.224
rolling,0.02
foreign,0.146
township,0.062
commercial,0.612
link,-0.146
concern,-0.5
angle,0.041
era,0.23
gang,-0.566
trophy,0.894
lead,-0.354
poem,0.62
full,0.204
himself,0
flag,0.184
lay,0.042
jimmy,0.158
advice,0.396
campus,0.208
veteran,0.12
opportunities,0.963
carried,-0.02
dramatic,-0.266
experimental,-0.166
originally,0
actual,0.458
subsequently,-0.24
fast,0.25
rank,0.062
unusual,-0.142
upon,-0.038
spoke,0.27
culture,0.506
creation,0.854
proper,0.592
described,0
leave,-0.25
designed,0.49
sports,0.666
senate,-0.02
majority,0.368
radical,0
advance,0.346
revenue,0.746
color,0.572
denied,-0.624
effectively,0.889
grey,-0.306
element,0.062
unable,-0.736
just,0.63
navy,0.062
castle,0.36
ten,0.124
training,0.428
legal,0.306
sugar,0.792
pair,0.104
snow,0.334
thing,-0.102
forced,-0.64
fruit,0.792
berlin,0.184
native,0.27
intended,-0.188
where,0
awards,0.936
learning,0.666
amount,0.124
clubs,0.446
door,0.098
expression,0.58
take,0.656
charity,0.84
better,0.778
post,0.04
impact,-0.062
nation,0.188
grounds,0.334
retirement,-0.5
actively,0.667
conduct,-0.094
basketball,0.628
article,0.188
receiving,0.438
cattle,0.244
former,0.094
king,0.354
featured,0.619
represent,0.562
aspects,-0.122
kingdom,0.428
air,0.416
successfully,1
step,0.062
goes,0
low,-0.416
sequence,0.086
credited,0.562
sessions,0.292
light,0.542
establishment,0.38
fuel,-0.11
phrase,0.26
past,-0.02
membership,0.396
visual,0.626
federation,0.266
encouraged,0.906
clear,0.714
joint,0.23
generation,0.806
manner,0.236
total,0.542
tribe,0.328
lieutenant,0.188
million,0.552
greater,0.51
after,0.234
tenth,0.02
december,0.48
pennsylvania,0
lord,0.236
organization,0.62
territory,0.25
preparation,0.542
immediately,0.104
armed,-0.624
superior,0.602
were,0
siege,-0.458
symphony,0.53
elements,0.02
parties,0.667
john,0.124
talk,0.666
violence,-0.878
promote,0.7
observed,0
german,-0.124
community,0.5
terminus,-0.438
initial,0.166
highly,0.667
identity,0.326
language,0.354
laid,0
vote,0.164
escaped,-0.27
wind,0.062
seventh,0
puerto,0
married,0.348
acting,0.396
property,0.48
name,0.146
civilian,0.4
turning,0.02
gray,-0.33
supposed,-0.408
fox,-0.354
maritime,0.292
representative,0.408
programme,0.48
broadcast,0.23
left,-0.292
creative,0.834
biggest,0.378
cargo,-0.184
portrait,0.396
replace,-0.166
laboratory,0.142
regard,0.604
about,0
welsh,-0.02
greatly,0.5
treaty,0.292
working,0.48
selection,0.188
commons,0.266
solo,-0.124
virtual,0.196
third,0.102
suitable,0.584
fully,0.526
off,-0.111
nine,0.104
though,-0.048
institution,0.16
alternative,0.256
things,0.038
cotton,0.278
crossed,-0.138
same,-0.186
objective,0.448
congress,-0.102
conventional,0.188
princess,0.77
musical,0.816
arena,0.02
value,0.75
because,0
cousin,0.35
apple,0.622
title,0.416
injuries,-0.704
alongside,-0.084
organic,0.438
oak,0.166
repeated,-0.142
commander,0.062
print,0.042
commissioner,0.204
fresh,0.816
attempt,0.25
socialist,-0.104
flew,-0.24
brazilian,0
graduate,0.796
patient,0.166
batting,0.286
tries,0.095
often,0.112
roads,0.354
mining,0.266
classical,0.286
super,0.688
annual,0.104
generally,0.124
staff,0.49
sense,0.562
little,-0.23
supporters,0.526
deemed,0
request,0.25
children,0.714
feed,0.624
leaving,-0.674
sculpture,0.5
best,0.866
sharing,0.654
partnership,0.572
saying,0
committee,0.184
carries,0
cash,0.734
oil,0.042
defend,0.396
metal,0.102
terminal,-0.368
city,0.694
serious,0
evil,-0.92
rail,-0.06
constant,0.48
system,0.23
sufficient,0.666
voted,0
centre,0.388
time,0.208
protest,-0.72
tell,0.102
exclusive,0.584
caused,-0.312
emphasis,0.306
foot,-0.02
network,0.062
origin,0.458
except,-0.096
port,0.1
factory,0
your,0
vocal,0.166
tour,0.326
traditionally,0.259
date,0.208
age,0.122
support,0.622
task,0.1
exact,0.438
volunteer,0.776
otherwise,-0.242
stop,-0.44
northwest,0.208
came,0.166
arrangement,0.25
personal,0.5
springs,0.792
prison,-0.776
holiday,0.896
benefit,0.812
salt,-0.354
moon,0.346
latest,0.064
fixed,0.368
treatment,0.326
friend,0.812
doctor,0.4
campaign,0.204
organized,0.632
municipality,0.138
estate,0.306
appearance,0.338
argued,-0.667
bell,0.104
camera,0.28
panel,-0.062
dominated,-0.667
orange,0.292
official,0.292
youngest,0.444
cities,0.667
which,0
republic,0.27
fan,0.562
conservation,0.664
player,0.114
major,0.368
sample,0.042
label,0.164
felt,0.286
final,-0.448
airport,0.458
delivery,0.408
dominant,-0.188
sport,0.73
gradually,0.166
ways,0.376
six,0
sign,0.24
ahead,0.416
several,0.064
infrastructure,0.208
crossing,0.098
car,0.552
illegal,-0.878
compilation,0.06
rate,0.042
behalf,0.13
channel,-0.02
wild,-0.376
prime,0.416
bear,-0.104
continue,0.26
tower,0.212
companies,0.042
short,-0.632
served,0.381
small,0.084
engineering,0.47
died,-0.958
instrument,0.124
census,-0.102
beauty,0.684
led,0.083
admiral,0.688
sat,-0.096
factor,0.27
could,0
harry,0.04
excellent,0.94
recording,0.146
multiple,0.32
few,0.064
experiences,0.586
arrest,-0.708
initially,0.185
finish,-0.058
passenger,0.434
our,0
till,-0.01
archaeological,0.48
drug,-0.572
less,-0.47
layer,0
tend,0.208
platform,0.204
steam,-0.062
studio,0.354
ring,0.354
compete,0.146
letter,0.27
description,0.164
display,0.354
agriculture,0.355
downtown,-0.234
act,0.312
fourth,0.118
strike,-0.458
carter,-0.376
artillery,-0.3
expedition,0.47
technical,0.02
discovery,0.646
opposition,-0.73
funding,0.458
twenty,0.04
whereas,0
competition,0.16
cold,-0.292
review,0.334
supporting,0.268
parking,0.554
volume,0.104
affect,-0.084
extension,-0.02
term,-0.1
formed,0.312
still,0.083
clay,0.084
norwegian,0
properties,0.048
why,0
speak,0.53
creek,0.104
weather,0.51
speaking,0.506
says,0
painted,0.334
recognised,0.667
tried,0
built,0.166
fire,-0.24
law,0.48
document,0.188
material,0.042
either,-0.4
basis,0.204
method,0.28
human,0.534
shell,0.23
attention,0.48
flood,-0.584
court,-0.042
call,0.188
pro,0.334
without,-0.5
sum,0.584
memory,0.584
watch,0.062
receive,0.48
relief,0.688
nuclear,-0.562
valley,0.458
venue,0.454
peace,0.939
studied,0.572
it,0
made,0
frank,0.25
extensive,0.27
herself,0.116
ethnic,0.166
audience,0.396
different,0.224
thereby,0
pan,0.468
battalion,-0.334
rice,0.334
suspended,-0.552
beetle,-0.354
flow,0.392
bowl,0.25
teach,0.68
jean,0.204
action,0.52
worldwide,0.58
magic,0.736
fifteen,-0.02
moved,0.524
dvd,-0.094
racial,-0.416
lady,0.708
coming,0.306
other,-0.056
outbreak,-0.48
grade,0.396
debate,-0.184
brigade,0.208
agreement,0.52
general,0.668
option,0.024
evening,-0.084
destroyed,-0.938
placed,0.095
host,0.386
history,0.458
place,0.146
prize,0.77
marry,0.792
religious,0.48
captain,0.104
partly,-0.17
signal,0.23
discussion,-0.334
premiere,0.552
genus,0.164
ceremony,0.52
mountains,0.532
matter,-0.026
principal,0.3
later,-0.266
base,0.27
hotel,0.48
resistance,-0.146
issue,-0.368
mechanical,-0.042
form,0.02
script,0.22
controversial,-0.458
guitarist,0.654
sand,0.164
film,0.646
context,0.062
historic,0.632
christmas,0.918
collective,0.166
chamber,0.166
telling,0.438
greece,0.381
extensively,0.037
scholarship,0.732
unless,-0.296
sultan,0.058
greatest,0.694
am,0
pacific,0.254
absence,-0.694
sound,0.53
chemical,-0.326
possibly,-0.104
consider,0.354
exposed,-0.058
assistant,0.25
online,0.138
western,0.146
bond,0.334
loss,-0.876
imperial,0.338
manor,0.292
would,-0.014
program,0.122
ancient,-0.16
director,0.376
into,0
affiliated,0.346
recognition,0.714
jersey,0.188
baseball,0.32
future,0.776
bill,-0.208
widely,0.396
theatrical,0.44
significantly,0.111
festival,0.74
franchise,0.326
men,0
ohio,0.074
drawing,0.396
site,0.354
threatened,-0.896
web,0.166
will,0.396
grace,0.638
accessible,0.592
for,0
picture,0.428
nominated,0.667
edge,-0.122
boat,0.032
considerable,0.306
academy,0.408
restaurant,0.545
revival,0.646
start,0.368
corporation,-0.142
operator,0.224
military,-0.208
temple,0.224
unknown,-0.286
referred,0
then,0
ruled,0
transition,0.21
dedicated,0.958
equipped,0.556
soundtrack,0.26
mississippi,0
drive,0.25
team,0.416
picked,0.48
believed,0
went,0
cable,0.166
weekly,0.244
raise,0.77
land,0.164
held,-0.072
usual,0.25
poverty,-0.858
apartment,0.438
designation,0.224
urban,0.122
sunday,0.552
exactly,0
leg,0.02
gas,-0.208
reduce,-0.562
mount,0
consecutive,0.326
storage,0.396
vertical,0.04
father,0.624
importance,0.5
threw,-0.538
main,0.334
front,0.354
chart,-0.062
coalition,-0.02
marriage,0.688
governing,0.27
fort,0.56
marks,-0.14
copy,-0.08
apparent,-0.054
hurricane,-0.646
weapon,-0.732
automatic,0.124
beach,0.77
finance,0.506
composition,0.53
legislation,0.062
nazi,-0.58
cathedral,0.196
particularly,0.111
governor,0
scores,0.188
four,0.104
complex,-0.224
available,0.542
underground,-0.208
behind,-0.2
economic,0.122
interest,0.56
independence,0.792
romantic,0.872
implementation,0.334
squad,0.104
done,0.266
health,0.87
elite,0.376
likely,0.266
pope,0.2
sought,0.733
higher,0.732
figure,0.376
successful,0.949
fund,0.042
least,-0.366
avoid,-0.146
well,1
literature,0.416
billion,0.438
biological,0.18
protected,0.708
return,0.204
certified,0.562
eye,0.062
newly,0.376
artists,0.592
participation,0.562
holy,0.624
intersection,-0.312
book,0.604
like,0.438
gold,0.878
appeal,0.326
electricity,0.396
fill,0.458
various,0
economics,0.25
years,0.306
intelligence,0.666
royal,0.592
finding,0.592
calling,0.292
punk,-0.142
decorated,0.792
across,0
predominantly,0
criticism,-0.77
partially,-0.164
troops,-0.23
visit,0.542
week,0.02
country,0.396
determine,0.224
defended,0.326
condition,0
internet,0.52
by,0
fact,0.366
invasion,-0.458
election,0.25
room,0.458
inaugural,0.368
cast,0.116
with,0
devoted,0.734
regional,0.24
cell,0.082
whether,-0.068
mention,0.124
pain,-0.918
capacity,0.438
crown,0.416
hall,0.02
eliminated,-0.375
founder,0.52
literacy,0.46
be,0.34
mathematical,0.24
promotion,0.812
slowly,-0.146
tourist,0.49
secure,0.688
degree,0.448
son,0.584
representing,0.592
europe,0.667
respective,0.25
density,0.204
brought,0.104
qualifying,0.576
larger,0.458
goal,0.66
red,-0.146
surface,-0.104
concluded,0
search,0.27
inspiration,0.876
burned,-0.674
bad,-0.75
dna,0.032
decline,-0.654
branch,0.076
details,0.166
used,-0.292
dead,-0.896
emperor,0.302
purchase,0.25
crash,-0.612
outdoor,0.628
parliament,0.146
delta,0.102
plant,0.46
competitive,-0.106
dispute,-0.562
ordinary,-0.25
spend,0.344
revised,0.6
moral,0.4
circuit,0.172
contemporary,0.44
avenue,0.354
understanding,0.73
injured,-0.834
itself,0.25
next,0
regularly,0.095
murder,-0.878
traveling,0.8
academic,0.562
personnel,0.458
below,-0.532
mainstream,0.306
disease,-0.918
molecular,-0.01
elevation,0.52
battery,-0.04
clearly,0.667
record,0.104
above,0.314
further,-0.13
similar,0.124
corps,0.102
cup,0.23
hunt,-0.346
desert,-0.062
archbishop,0.244
voting,0.23
donated,1
tied,0
presidential,0.224
understand,0.52
audio,0.418
democratic,0.604
twin,0.376
resident,0.184
distinguished,0.646
honor,0.792
design,0.592
swimming,0.52
saw,-0.368
monastery,0.388
strip,-0.146
chief,0.04
world,0.244
wrestling,-0.102
spiritual,0.876
produced,0.448
robin,0.104
computer,0.604
route,0.166
radar,0.042
once,-0.2
transit,-0.122
one,0.084
intellectual,0.812
rock,0.246
broad,0.524
bible,0.438
always,0.111
season,0.584
away,-0.482
massive,0.138
media,0
kill,-0.896
physics,0.164
never,-0.466
concrete,0.266
child,0.824
charter,0.354
path,0.18
choose,0.23
approved,0.666
potential,0.612
attorney,0.2
soul,0.54
division,-0.26
consumer,0.014
bonus,0.714
winter,0.326
stand,0.2
guilty,-0.73
cycle,0.27
ball,0.48
poetry,0.394
landed,0.418
reserve,0.17
severe,-0.672
road,0.312
effects,-0.06
fighting,-0.416
resource,0.48
neighborhood,-0.23
venture,0.786
repair,0.166
member,0.396
vietnam,-0.444
ended,-0.396
purpose,0.6
fellow,0.49
eleven,-0.102
published,0.334
allowed,0.46
surname,0.34
appear,0.47
resort,0.146
cook,0.694
dance,0.788
marketing,0.042
discuss,-0.208
battle,-0.27
features,0.334
most,0.714
sixth,0.042
legend,0.674
forest,0.458
seek,0.244
aboard,0.396
boundaries,0
fighter,0.274
size,0.062
beating,-0.694
ultimately,-0.23
vision,0.416
police,-0.084
work,0.438
shore,0.084
march,0.062
management,0.584
release,0.48
particular,0.124
technologies,0.667
lose,-0.77
rocks,-0.27
actor,0.306
raising,0.47
austrian,0.074
spoken,0.102
building,0.41
first,0.25
average,0.368
company,0.812
closer,-0.172
town,0.102
frequent,0.188
assembly,0.396
regiment,-0.062
subsidiary,0.057
flight,0.292
replacement,-0.23
winner,0.92
convention,0.244
knew,0.072
list,0.056
whom,-0.344
forward,0.746
death,-0.938
stock,0.188
sentence,0.25
moment,0.208
tributary,0.23
commission,0.354
software,0.122
anniversary,0.76
ability,0.75
cemetery,-0.898
soviet,-0.306
end,-0.604
trust,0.776
changing,0.142
granted,0.764
declined,-0.667
type,0
shortly,0.164
holding,0.2
board,0.184
stay,0.208
hill,0.23
transportation,0.334
offered,0.164
code,0.166
damaged,-0.792
especially,0
drawn,-0.242
separate,-0.52
damage,-0.882
require,-0.204
therefore,0.032
orthodox,-0.224
enough,-0.25
carrying,0.312
related,0.354
prove,0.166
portuguese,0.143
bring,0.27
construction,0.696
overall,0.166
much,0
egyptian,0
included,0.52
residence,0.23
operation,-0.05
completely,0.46
respect,0.927
paid,0.4
publicly,0.48
volumes,0.104
evolution,0.562
entrance,0.396
musician,0.632
need,0.02
clan,0.124
continuous,0.25
supreme,0.624
mix,0.084
knowledge,0.694
relationship,0.734
authority,0.184
turn,0.062
whose,-0.334
wider,0.667
distinct,0.084
practice,0.368
introduction,0.224
occur,-0.098
somewhat,0.034
tag,0.224
if,0
information,0.53
standard,0.346
leader,0.666
reading,0.63
painting,0.625
write,0.224
them,0
publishing,0.416
address,0.3
crime,-0.858
accused,-0.74
corporate,0.184
morning,0.376
advantage,0.834
saved,1
worst,-0.834
aviation,0.416
bridge,0.25
colonel,-0.082
appropriate,0.666
bronze,0.244
electrical,0.062
remove,-0.416
organisation,0.5
interested,0.5
dynasty,0.45
difference,-0.026
help,0.346
amateur,-0.062
invited,0.667
favor,0.624
formerly,0
qualified,0.52
including,0.4
fit,0.208
are,0
associated,0.167
executed,-0.667
feel,0.604
theater,0.52
segment,-0.062
west,0.124
report,0.166
portion,0.072
identified,0.571
mike,0.084
local,0.312
flying,0.754
faculty,0.23
professional,0.666
lesser,-0.208
sort,0.346
worn,-0.3
say,0.142
aid,0.774
males,0
north,0.062
trinity,0.27
elder,-0.104
bus,-0.186
over,0
thanks,0.836
establish,0.416
entitled,-0.375
half,0
supplied,0.333
join,0.458
bottom,-0.166
golden,0.604
metres,0
journey,0.82
everyone,0.2
powered,0.519
neither,-0.014
train,0.332
river,0.376
career,0.48
polish,0.208
wear,-0.376
linear,0.292
circle,-0.04
thousand,0.326
killing,-0.84
comic,0.834
stable,0.45
victory,0.876
beat,-0.442
southeast,0.02
is,0
chapter,0.16
peninsula,0.102
to,0
flat,-0.184
equivalent,0.292
round,0.104
political,-0.306
length,-0.042
couple,0.615
table,0.102
may,0.408
hunter,-0.416
coverage,0.534
deal,0.438
nomination,0.326
touchdown,0.334
standing,0.208
enforcement,0.188
paper,0.04
scottish,0.111
sees,0
offensive,-0.73
noble,0.812
tenure,0.23
specific,0.312
god,0.516
church,0.416
operational,0.124
commonwealth,0.26
pop,0.346
covering,0.23
legislative,0.266
duke,0.334
traded,0
reduced,-0.542
finally,0.166
strategy,0.408
grant,0.438
increased,0.368
terms,-0.02
role,0.104
forming,0.458
ray,0.1
advertising,0.244
believes,0.056
capable,0.53
try,0.208
historical,0.306
user,0.258
hired,1
immigration,-0.22
response,0.23
hard,-0.396
diamond,0.82
classified,0.142
generated,0.111
principle,0.5
painter,0.354
summit,0.25
canal,0.346
connection,0.458
license,0
supported,0.706
shift,-0.042
here,0.238
lake,0.388
track,-0.104
swiss,0.667
environmental,0.266
risk,-0.315
withdrew,-0.381
giant,0.292
thirteen,-0.082
colonial,0.106
chance,0.666
truth,0.942
refused,-0.674
controlled,0.667
spring,0.674
walk,0.286
window,0.084
trees,0.306
mathematics,-0.124
soccer,0.396
up,0.63
prevent,0.27
broken,-0.876
normal,0.48
manufactured,0
freight,-0.178
race,0.184
makeup,0.48
three,0.306
essentially,0.5
strength,0.604
guards,-0.104
useful,0.526
santa,0.47
artist,0.604
steel,0.042
demolished,-0.458
stories,0.733
fleet,0.094
rising,0.5
contact,0.438
control,0.458
street,0.188
aspect,-0.042
chess,0.312
defeat,-0.816
turkey,0.268
villa,0.396
ridge,-0.032
medical,0.166
but,0
acid,-0.47
crowd,-0.3
compared,0
free,0.792
mode,0.062
view,0.792
manufacturing,0.306
outer,0.104
broadcasting,0.084
match,0.198
sex,0.606
idea,0.5
income,0.5
extended,0.14
accident,-0.75
negative,-0.796
market,0.448
promoted,0.917
production,0.388
how,0
railroad,0.182
reporter,0.062
heard,0.2
improvement,0.572
controversy,-0.5
price,-0.042
dog,0.408
critical,-0.376
widespread,0.266
concerned,-0.416
remainder,-0.204
rooms,0.354
candidate,0.192
partner,0.346
come,0.058
stood,-0.062
population,0.23
two,0.04
sea,0.666
exercise,0.5
government,-0.146
energy,0.888
number,-0.188
index,-0.104
additional,0.346
progress,0.635
anything,0
game,0.47
grew,0.667
read,0.48
gate,0.02
arrived,0.333
warren,-0.166
normally,0
field,0.28
existence,0.52
background,-0.202
poet,0.654
ministry,0.02
planning,0.788
parts,-0.082
rugby,0.354
providing,0.632
species,0.122
since,0.048
lot,0.062
while,0
wooden,0
shooting,-0.448
cinema,0.396
confirmed,0.52
patrol,-0.146
suicide,-0.94
face,0.142
flows,0.142
keeping,0.184
simple,0.306
consists,0
win,0.854
august,0.304
childhood,0.73
beautiful,0.75
emerged,0.429
miss,0.146
statement,0.376
physical,0.5
real,0.438
assault,-0.666
play,0.624
tail,-0.04
boston,0.286
keep,0.428
ultimate,0.296
suggest,0.146
contest,0.334
summer,0.624
turkish,0
fly,0.52
ceased,-0.625
pay,0.028
criticized,-0.52
depth,0.416
stone,-0.568
aim,-0.038
due,0.124
informed,0.086
kept,-0.038
cost,-0.27
fought,-0.666
purchased,0.611
retail,0.02
word,0.104
fired,-0.667
talent,0.918
structure,0.124
common,0.2
received,0.292
silent,-0.062
primary,0.124
organised,0.63
destruction,-0.796
relatively,0
wide,0.142
electoral,-0.02
achieve,0.632
reputation,0.48
